Workbook

Sheet C1
A1: Informe pràctica C1 | E1: Data: | F1: 45792
A2: Grup pràctiques: | B2: GRUP 2.1 (G3) tarda - 2on torn | E2: Parella: | F2: T_18
A3: Alumnes: | B3: Sergio Castañeiras Morales i Domènec Huerta Estradé
A5: 1. Descripció de la mostra
B9: Contingut nominal de Fe a la mostra (indicat a l'etiqueta, considereu aquest valor com el valor real): | H9: 5 | I9: g/comprimit
A11: 2. Massa del comprimit (mg): | E11: 12393 | F11: mg
A13: 3. Massa pesada de sal de Mohr (g): | E13: 144 | F13: mg
A15: 4. Càlcul de la concentració de la dissolució estoc de Fe(II):
H17: Dades
H18: PM (sal de Mohr) (g/mol) | I18: 392.14
H19: PM (sal de Mohr) (g/mol) | I19: 55.845
H21: Resultat amb excel
H22: Quantitat de Fe^(2+) (mg) | J22: =E13*I19/I18 -> 20.507166
H23: Concentració Fe^(2+) (mg Fe^(2+)/mL) | J23: =J22/500 -> 0.041014332
O24: 0.041
A30: 5. Concentració dissolució treball Fe(II) (mg/mL): | F30: =J23*25/50 -> 0.020507166 | G30: mg/mL
A33: 6. Concentració de Fe(II) a la dissolució del comprimit (g/mL): | F33: =5*10^(-3)/100 -> 5e-05 | G33: g/mL | H33: Aquest valor s'obté a partir de les dades del contingut vitamínic que apareix a l'envàs
A36: 7. Gotes (o volum) emprat al punt (1) de la pràctica: | F36: Per 10 mL de la dissolució de treball de 0.02 ppm de Fe(II) amb 3 gotes d'acetat de sodi 2M hem arribat a un pH d'aproximadament 4
A38: 8. Ompliu la taula fent servir fórmules a les caselles a on s'hagin de fer càlculs i no afegint només el resultat (clica sobre el 6 per veure exemple i esborra'l)
C40: Volum (mL) dissolució de treball de Fe(II) | D40: Gotes (o volum) afegit al matràs | E40: Concentració patró de Fe(II) (mg/mL) | F40: Absorbància
C41: 1 | D41: 1 | E41: =C41*$F$30/25 -> 0.00082028663 | F41: 0.156
C42: 2 | D42: 1 | E42: =$F$30*C42/25 -> 0.0016405733 | F42: 0.331
C43: 3 | D43: 1 | E43: =$F$30*C43/25 -> 0.0024608599 | F43: 0.496
C44: 4 | D44: 1 | E44: =$F$30*C44/25 -> 0.0032811465 | F44: 0.675
C45: 5 | D45: 1 | E45: =$F$30*C45/25 -> 0.0041014332 | F45: 0.868
A47: 9. Exemple del càlcul de la concentració d'un patro de Fe(II):
A61: 10. Volum teòric de dissolució que s'ha de pipetejar per tenir una
A62: absorbància a la part central de la recta: | E62: =25*E43/(F33*10^3) -> 1.2304299 | F62: mL
A64: 11. Volum real pipetejat: | E64: 1 | F64: mL
A66: 12. Absorbància del blanc de la mostra: | E66: 0.023
A68: 13. Absorbància mesurada de la mostra: | E68: 0.456
A70: 14. Absorbància corregida de la mostra: | E70: =E68-E66 -> 0.433
A72: 15. Representeu la recta de calibratge:
H73: Absorbància = m * [Fe (II)] + n
H74: m | I74: {=LINEST(F41:F45,E41:E45,1,1)} -> 215.53442 | J74: -0.0252 | K74: n
H75: u_m | I75: 3.4795601 | J75: 0.0094664319 | K75: u_n
H76: R^2 | I76: 0.99921874 | J76: 0.0090258887 | K76: S_{y/x}
H77: F | I77: 3836.9362 | J77: 3 | K77: dof
H78: Ssreg | I78: 0.3125824 | J78: 0.0002444 | K78: Ssresid
A88: 16. Concentració de Fe(II) interpolat a la recta de calibratge: | G88: =(E70-J74)/I74 -> 0.0021258786 | H88: mg/mL | J88: Absorbància_{avg} | K88: =AVERAGE(F41:F45) -> 0.5052
J89: S_{xx} | K89: =VARPA(E41:E45)*5 -> 6.7287016e-06
J90: S_0 | K90: =J76/I74*SQRT(1+1/5+((E70-K88)^2)/(I74^2*K89)) -> 4.619138e-05
A91: 17. Desviació estàndard de la concentració calculada: | G91: =K91*K90 -> 0.00014700159 | H91: mg/mL | J91: t_{tab} | K91: =_xlfn.T.INV.2T(0.05,J77) -> 3.1824463
A94: 18. Contingut de Fe(II) al comprimit (mg) amb el seu interval de confiança | G94: =G88*25/E64*100 -> 5.3146965 | H94: ± | I94: =G91*25/E64*100 -> 0.36750397 | J94: mg per comprimit
A97: 19. Compara i comenta els valors del contingut de Ferro trobat amb el nominal.
A102: 20. Omple la taula afegint el vostre resultat i el de la resta de les parelles que han fet la mateixa pràctica:
B103: (es considera que els diferents resultats son replicats de mostra)
A104: Número de parella | B104: Contingut de Fe al comprimit (mg): | C104: Interval de confiança | D104: Concentració mitjana (mg/mL) | E104: Desviació estàndard | F104: Desviació estàndard relativa (%)
A105: T_18 (El nostre) | B105: =G94 -> 5.3146965 | C105: =I94 -> 0.36750397 | D105: =AVERAGE(B105:B112) -> 4.6989393 | E105: =STDEV(B105:B112) -> 0.48333377 | F105: =E105/D105*100 -> 10.286019 | H105: Q_exp | I105: Q_tab
A106: M19 | B106: 4.93 | C106: 0.37 | H106: =(B109-B107)/(B109-B105) -> 0.44877279 | I106: 0.71
A107: M20 | B107: 4.59 | C107: 0.3
A108: T14 | B108: 4.66 | C108: 0.4
A109: T15 | B109: 4 | C109: 0.1
A115: 21. Observacions i comentaris dels resultats del punt 20 (valors anòmals, precisió dels resultats...):
B124: IMPORTANT: NO S'AVALUARÀ SI EL RESULTAT TROBAT COINCIDEIX AMB L'ESPERAT, SI NO LA CAPACITAT D'INTERPRETAR
B125: ELS RESULTATS I SI AQUEST NO COINCIDEIX AMB L'ESPERAT, LA POSSIBLE CAUSA I SOLUCIÓ.

Sheet C2
A1: Informe pràctica C1 | E1: Data: | F1: 45796
A2: Grup pràctiques: | B2: GRUP 2.1 (G3) tarda - 2on torn | E2: Parella: | F2: T_18
A3: Alumnes: | B3: Sergio Castañeiras Morales i Domènec Huerta Estradé
A5: 1. Descripció de l'instrument AASF utilizat
A8: 2. Massa pesada de sal de Mn (g): | C8: 0.1665
A10: 3. Càlcul de la concentració de la dissolució estoc de Mn(II) i dilucions intermèdies:
E11: Càlcul amb excel
E12: Concentració de manganès en la primera dissolució | G12: =(C8*54.938*10^6)/(169.02*500) -> 108.23781 | H12: ppm
E13: Concentració de manganès en la dissolució diluida | G13: =G12*50/500 -> 10.823781 | H13: ppm
A24: 4. Concentració de Mn(II) a la dissolució del comprimit (g/mL): | D24: =2*10^(-3)/100 -> 2e-05 | E24: g/mL | F24: Aquest és el resultat que obtindriem assumint el valor teòric de l'etiqueta
A27: 5. Dades obtingudes del calibratge per patró extern | D27: Concentració dissolució de treball Ferro | E27: ='C1'!F30*10^3 -> 20.507166 | F27: ppm
A29: Volum de la solució de treball afegit (mL) | B29: Concentració (ppm Fe) | C29: senyal AASF | D29: % RSD | F29: Volum de la solució de treball afegit (mL) | G29: Concentració (ppm Mn) | H29: senyal AASF | I29: % RSD
A30: 1 | B30: =$E$27*A30/25 -> 0.82028663 | C30: 0.0674 | D30: 0.5 | F30: 2 | G30: =2*$G$13/25 -> 0.86590245 | H30: 0.16324 | I30: 1.1
A31: 2 | B31: =$E$27*A31/25 -> 1.6405733 | C31: 0.1212 | D31: 1.5 | F31: 4 | G31: =4*$G$13/25 -> 1.7318049 | H31: 0.3206 | I31: 0.7
A32: 3 | B32: =$E$27*A32/25 -> 2.4608599 | C32: 0.1701 | D32: 1.2 | F32: 6 | G32: =6*$G$13/25 -> 2.5977073 | H32: 0.466 | I32: 0.7
A33: 4 | B33: =$E$27*A33/25 -> 3.2811465 | C33: 0.2093 | D33: 0.8 | F33: 8 | G33: =8*$G$13/25 -> 3.4636098 | H33: 0.6058 | I33: 1.9
A34: 5 | B34: =$E$27*A34/25 -> 4.1014332 | C34: 0.257 | D34: 1 | F34: 10 | G34: =10*$G$13/25 -> 4.3295122 | H34: 0.7387 | I34: 0.4
A36: 3. Representeu les rectes de calibratge pel Fe i pel Mn
F37: Senyal AASF = Concentració Fe(II) * m +n | S37: Senyal AASF = Concentració Mn(II) * m +n
E38: m | F38: {=LINEST(C30:C34,B30:B34,TRUE,TRUE)} -> 0.056967892 | G38: 0.02481 | H38: a | R38: m | S38: {=LINEST(H30:H34,G30:G34,TRUE,TRUE)} -> 0.1658524 | T38: 0.028032 | U38: a
E39: u_m | F39: 0.0017207548 | G39: 0.0046814563 | H39: u_a | R39: u_m | S39: 0.0030967819 | T39: 0.0088935659 | U39: u_a
E40: R^2 | F40: 0.99727032 | G40: 0.0044635935 | H40: S_{y/x} | R40: R^2 | S40: 0.99895517 | T40: 0.0084796824 | U40: S_{y/x}
E41: F | F41: 1096.0296 | G41: 3 | H41: dof | R41: F | S41: 2868.2849 | T41: 3 | U41: dof
E42: Ssreg | F42: 0.021836929 | G42: 5.9771e-05 | H42: Ssresid | R42: Ssreg | S42: 0.20624407 | T42: 0.00021571504 | U42: Ssresid
E44: n | F44: =COUNT(B30:B34) -> 5 | R44: n | S44: =COUNT(G30:G34) -> 5
E45: Senyal AASF_{avg} | F45: =AVERAGE(C30:C34) -> 0.165 | R45: Senyal AASF_{avg} | S45: =AVERAGE(H30:H34) -> 0.458868
E46: s_{xx} | F46: =VARPA(B30:B34)*F44 -> 6.7287016 | R46: s_{xx} | S46: =VARPA(G30:G34)*S44 -> 7.4978705
E47: t_{tab} | F47: =_xlfn.T.INV.2T(0.05,G41) -> 3.1824463 | R47: t_{tab} | S47: =_xlfn.T.INV.2T(0.05,T41) -> 3.1824463
A52: 4. Concentració de Fe en la mostra: | B52: Senyal ASSF de la mostra (Ferro) | C52: % RSD | D52: Concentració de Fe (II) de la mostra (ppm) | F52: Senyal ASSF de la mostra (Manganès) | G52: % RSD | H52: Concentració de Mn (II) de la mostra (ppm)
A53: Concentració de Mn en la mostra: | B53: 0.1538 | C53: 0.4 | D53: =(B53-G38)/F38 -> 2.2642579 | F53: 0.1938 | G53: 1 | H53: =(F53-T38)/S38 -> 0.99949111
A55: 5. Desviació estàndard de la concentració calculada (Fe): | C55: S_0 | D55: Intérval de confiança | F55: S_0 | G55: Intérval de confiança
A56: Desviació estàndard de la concentració calculada (Mn) | C56: =G39/F38*SQRT(1+1/F44+(B53-F45)^2/(F38^2*F46)) -> 0.090235713 | D56: =C56*F47 -> 0.28717031 | F56: =T39/S38*SQRT(1+1/S44+(F53-S45)^2/(S38^2*S46)) -> 0.066559323 | G56: =F56*S47 -> 0.21182147
A58: 6. Contingut de Fe al comprimit (mg) amb el seu interval de confiança: | C58: =D53*100/4.8*0.1 -> 4.717204 | D58: ± | E58: =D56*100/4.8*0.1 -> 0.59827148
A59: Contingut de Mn al comprimit (mg) amb el seu interval de confiança: | C59: =H53*50/2.5*0.1 -> 1.9989822 | D59: ± | E59: =G56*50/2.5*0.1 -> 0.42364294
A61: 7. Comenta els resultats del contingut de ferro trobat pels diferents mètodes amb el contingut indicat a l'etiqueta del producte.
A67: 8. Completa la taula següent (afegiu el vostre resultat i el de la resta de les parelles que han fet la mateixa pràctica):
B68: (es considera que els diferents resultats son replicats de mostra)
A70: Número de parella | B70: Contingut de Fe al comprimit (mg): | C70: Interval de confiança | D70: Concentració mitjana (mg/mL) | E70: Desviació estàndard | F70: Desviació estàndard relativa (%)
A71: T_18 (el nostre) | B71: =C58 -> 4.717204 | C71: =E58 -> 0.59827148 | D71: =AVERAGE(B71:B78) -> 4.8514408 | E71: =STDEV(B71:B78) -> 0.2018814 | F71: =E71/D71*100 -> 4.1612669
A72: M19 | B72: 4.89 | C72: 0.42
A73: M20 | B73: 4.58 | C73: 0.18
A74: T14 | B74: 5 | C74: 0.9
A75: T15 | B75: 5.07 | C75: 0.3
A80: 9. Observacions i comentaris dels resultats de la taula anterior (valors anòmals, precisió dels resultats...):
A85: 10. Compareu la precisió dels dos mètodes (test F) | H85: Valors crítics de F per a nivell de significancia 0.01 | I85: df1=1 | J85: 2 | K85: 3 | L85: 4 | M85: 5 | O85: Valors crítics de F per a nivell de significancia 0.05 | P85: df1=1 | Q85: 2 | R85: 3 | S85: 4 | T85: 5
A86: Existeixen diferències significatives entre la precisió dels dos mètodes? | H86: df2=1 | I86: 39.86346 | J86: 49.5 | K86: 53.59324 | L86: 55.83296 | M86: 57.24008 | O86: df2=1 | P86: 161.4476 | Q86: 199.5 | R86: 215.7073 | S86: 224.5832 | T86: 230.1619
A87: S_{y/x} UV-Vis | B87: ='C1'!J76 -> 0.0090258887 | D87: Valor de F_crítica per nivell de significancia 0.01 | E87: =K88 -> 5.39077 | H87: 2 | I87: 8.52632 | J87: 9 | K87: 9.16179 | L87: 9.24342 | M87: 9.29263 | O87: 2 | P87: 18.5128 | Q87: 19 | R87: 19.1643 | S87: 19.2468 | T87: 19.2964
A88: S_{y/x} AASF | B88: =G40 -> 0.0044635935 | D88: Valor de F_crítica per nivell de significancia 0.05 | E88: =R88 -> 9.2766 | H88: 3 | I88: 5.53832 | J88: 5.46238 | K88: 5.39077 | L88: 5.34264 | M88: 5.30916 | O88: 3 | P88: 10.128 | Q88: 9.5521 | R88: 9.2766 | S88: 9.1172 | T88: 9.0135
A89: F_{exp} | B89: =B87^2/B88^2 -> 4.0889395 | H89: 4 | I89: 4.54477 | J89: 4.32456 | K89: 4.19086 | L89: 4.10725 | M89: 4.05058 | O89: 4 | P89: 7.7086 | Q89: 6.9443 | R89: 6.5914 | S89: 6.3882 | T89: 6.2561
H90: 5 | I90: 4.06042 | J90: 3.77972 | K90: 3.61948 | L90: 3.5202 | M90: 3.45298 | O90: 5 | P90: 6.6079 | Q90: 5.7861 | R90: 5.4095 | S90: 5.1922 | T90: 5.0503
A91: 11. Existeixen diferències significatives entre els resultats obtinguts pels dos mètodes diferents? (test comparació de dades aparellades)
I92: Dades absorbància UV-Vis Ferro | J92: Dades absorbància atòmica Ferro | K92: Variacions | M92: Test Q | P92: n | Q92: =COUNT(J93:J97) -> 5
I93: ='C1'!F41 -> 0.156 | J93: =C30 -> 0.0674 | K93: =I93-J93 -> 0.0886 | M93: Q_exp (Superior) | N93: =ABS(K97-K96)/ABS(K97-K93) -> 0.27813936 | P93: Promig de variacions | Q93: =AVERAGE(K93:K97) -> 0.3402
I94: ='C1'!F42 -> 0.331 | J94: =C31 -> 0.1212 | K94: =I94-J94 -> 0.2098 | M94: Q_exp (Inferior) | N94: =ABS(K94-K93)/ABS(K97-K93) -> 0.23200613 | P94: Desviació estàndard | Q94: =STDEV(K93:K97) -> 0.20590902
I95: ='C1'!F43 -> 0.496 | J95: =C32 -> 0.1701 | K95: =I95-J95 -> 0.3259 | M95: Q_tab | N95: 0.76 | P95: t_exp | Q95: =Q93*SQRT(Q92)/Q94 -> 3.6944002
I96: ='C1'!F44 -> 0.675 | J96: =C33 -> 0.2093 | K96: =I96-J96 -> 0.4657 | P96: t_tab (95% de confiança) | Q96: 3.18
I97: ='C1'!F45 -> 0.868 | J97: =C34 -> 0.257 | K97: =I97-J97 -> 0.611
A103: 12. Quins avantatges i inconvenients representa la determinació de ferro mijançant l'us de UV-Vis davant l'AASF? (laboriositat, rapidesa, material, manipulació, perillositat...)
B110: IMPORTANT: NO S'AVALUARÀ SI EL RESULTAT TROBAT EN Fe COINCIDEIX AMB L'ESPERAT O NO, SI NO LA CAPACITAT D'INTERPRETAR
B111: ELS RESULTATS I SI AQUEST NO COINCIDEIX AMB L'ESPERAT, LA POSSIBLE CAUSA I SOLUCIÓ.

Sheet Càlculs
