Workbook

Sheet Pràctica A
A1: Informe pràctica F | E1: Data: | F1: 45784
A2: Grup pràctiques: | B2: 2.1. | E2: Parella: | F2: T18
A3: Alumnes: | B3: Sergio Castañeiras i Domènec Huerta Estradé
A5: 1. Descripció de les mostres
A6: Les mostresanalitzades són dissolucions de Co(II) i Ni(II) de 1000ppm. La de cobalt és de color rosa i la de níquel blava, tot i així, en les concentracions analitzades completament transparents
A7: A efectes pràctic, s'ha analitzat dissolucions en el rang de concentracions 0,2-0,5 ppm a través de complexs amb PAR(4-(2-piridilazo)resorcinol, que emet a la regió visible de l'espectre electromagentic
A9: 2. Instrumentació
A10: Per a l'anàlisis de les mostres s'ha utilitzat un espectrofòtometre Jasco V-730 de doble feix, les mostres s'han col·locat en cubetesde quars i les dades obtingudes han estat procesades amb els programes Spectra Manager i Spectra Analysis. Des d'aquests s'han guardaten format .txt per acabar obtenint els resultats presentats amb Excel.
A17: 3. Patrons Co(II) | B17: Les dades ens han estat proporcionades ja que després de realitzar les regresions amb les obtingudes per nosaltres no es seguia correctament la llei de Labert Beer. És a dir, les desviacions estàndard per a la constant de proporcionalitat obtinguda a cada longitud d'ona eren de l'ordre del 20%
A19: concentració estoc | B19: 1000 | C19: mg/L
A20: conc. dissoluc. Intermèdia | B20: 1 | C20: mg/L
A22: Patró (mg/L Co2+) | B22: ml dissoluc. Interm. Co2+ | C22: ml enràs
A23: 0,3 | B23: 10 | C23: 25
A24: 0,4 | B24: 15 | C24: 25
A25: 0,5 | B25: 20 | C25: 25
A27: 4. Patrons Ni(II)
A29: concentració estoc | B29: 1000 | C29: mg/L
A30: conc. dissoluc. Intermèdia | B30: 1 | C30: mg/L
A32: Patró (mg/L Ni2+) | B32: ml dissoluc. Interm. Ni2+ | C32: ml enràs
A33: 0,3 | B33: 10 | C33: 25
A34: 0,4 | B34: 15 | C34: 25
A35: 0,5 | B35: 20 | C35: 25
A38: 5. Mostres
A40: conc. dissoluc. intermèdia Co2+ | B40: 1 | C40: mg/L
A41: conc. dissoluc. intermèdia Ni2+ | B41: 1 | C41: mg/L
A43: conc. Ni/Co (mg/L) | B43: ml dissoluc. interm. Ni2+ | C43: ml enràs | D43: ml dissoluc. interm. Co2+ | E43: ml enràs
A44: 0,2 / 0,4 | B44: 10 | C44: 50 | D44: 20 | E44: 50
A45: 0,4 / 0,4 | B45: 20 | C45: 50 | D45: 20 | E45: 50
A46: 0,4 / 0,2 | B46: 20 | C46: 50 | D46: 10 | E46: 50
A49: 6. Mesures absorbància
B51: Patrons Co2+ (mg/L) | E51: Patrons Ni2+ (mg/L) | H51: Mostres Ni/Co (mg/L)
A52: Longitud d'ona (nm) | B52: 0,3 | C52: 0,4 | D52: 0,5 | E52: 0,3 | F52: 0,4 | G52: 0,5 | H52: 0,2 / 0,4 | I52: 0,4 / 0,4 | J52: 0,4 / 0,2
A53: 480 | B53: 0.0809535 | C53: 0.0991025 | D53: 0.126627 | E53: 0.101215 | F53: 0.158284 | G53: 0.227642 | H53: 0.184298 | I53: 0.272768 | J53: 0.222974
A54: 485 | B54: 0.089074 | C54: 0.11087 | D54: 0.143126 | E54: 0.113828 | F54: 0.174151 | G54: 0.247608 | H54: 0.204836 | I54: 0.302884 | J54: 0.245325
A55: 490 | B55: 0.0965671 | C55: 0.121933 | D55: 0.15813 | E55: 0.125742 | F55: 0.189509 | G55: 0.266495 | H55: 0.223595 | I55: 0.330733 | J55: 0.266254
A56: 495 | B56: 0.103397 | C56: 0.131716 | D56: 0.172053 | E56: 0.135619 | F56: 0.201878 | G56: 0.281826 | H56: 0.240283 | I56: 0.354012 | J56: 0.283598
A57: 500 | B57: 0.109699 | C57: 0.140821 | D57: 0.184337 | E57: 0.142324 | F57: 0.209733 | G57: 0.290624 | H57: 0.253304 | I57: 0.370971 | J57: 0.29537
A58: 505 | B58: 0.11546 | C58: 0.149307 | D58: 0.19592 | E58: 0.146237 | F58: 0.212471 | G58: 0.293206 | H58: 0.263584 | I58: 0.382485 | J58: 0.302356
A59: 510 | B59: 0.120405 | C59: 0.156871 | D59: 0.205932 | E59: 0.14774 | F59: 0.212083 | G59: 0.291246 | H59: 0.271117 | I59: 0.389229 | J59: 0.305127
A60: 515 | B60: 0.124223 | C60: 0.162489 | D60: 0.213637 | E60: 0.148332 | F60: 0.210402 | G60: 0.287563 | H60: 0.27612 | I60: 0.392589 | J60: 0.305818
A61: 520 | B61: 0.126213 | C61: 0.16588 | D61: 0.218345 | E61: 0.149345 | F61: 0.209483 | G61: 0.285 | H61: 0.279159 | I61: 0.394476 | J61: 0.306021
A62: 525 | B62: 0.126768 | C62: 0.167188 | D62: 0.220171 | E62: 0.150826 | F62: 0.20959 | G62: 0.283885 | H62: 0.28017 | I62: 0.394721 | J62: 0.306065
A63: 530 | B63: 0.125761 | C63: 0.166382 | D63: 0.219125 | E63: 0.15001 | F63: 0.206915 | G63: 0.279232 | H63: 0.277649 | I63: 0.390117 | J63: 0.302216
A64: 535 | B64: 0.12378 | C64: 0.164272 | D64: 0.216135 | E64: 0.144155 | F64: 0.197072 | G64: 0.265195 | H64: 0.270083 | I64: 0.376455 | J64: 0.290308
... A67: 550 | B67: 0.112216 | C67: 0.149505 | D67: 0.196172 | E67: 0.107048 | F67: 0.139749 | G67: 0.185952 | H67: 0.224755 | I67: 0.297182 | J67: 0.221124
A69: 7. Espectres:
A71: Patrons Ni | F71: Patrons Co | M71: Mostres
A85: Comentaris: L'absorbància molar per longitud d'ona permet diferenciar els dos compostos, en especial s'observa com el níqul absorbeix més a longituds d'ona baixes que el cobalt mentres
A86: que aquest absorbeix més a longituds d'ona altes, si es pogues utilitzar únicament dues longituds d'ona, l'ideal seria fer-ho amb una a cada banda de l'espectre
A88: 8. Tractament de dades:
A90: 8.1 Mètode Gràfic:
A93: 8.1.a. Càlcul constant proporcionalitat: k=ε·b
B94: Patrons Co2+ (mg/L) | F94: Patrons Ni2+ (mg/L)
A95: Longitud d'ona (nm) | B95: 0,3 | C95: 0,4 | D95: 0,5 | E95: promig | F95: 0,3 | G95: 0,4 | H95: 0,5 | I95: promig | J95: std Co | K95: std Ni | L95: Q dreta | M95: Q esquerra | N95: Q tab N=3 95%
A96: 480 | B96: =B53/B$95 -> 0.269845 | C96: =C53/C$95 -> 0.24775625 | D96: =D53/D$95 -> 0.253254 | E96: =AVERAGE(B96:D96) -> 0.25695175 | F96: =E53/F$95 -> 0.33738333 | G96: =F53/G$95 -> 0.39571 | H96: =G53/H$95 -> 0.455284 | I96: =AVERAGE(F96:H96) -> 0.39612578 | J96: =STDEV(B96:D96) -> 0.011499271 | K96: =STDEV(F96:H96) -> 0.058951433 | L96: =ABS((MAX(F96:H96)-(SUM(F96:H96)-MAX(F96:H96)-MIN(F96:H96)))/(MAX(F96:H96)-MIN(F96:H96))) -> 0.50528976 | M96: =ABS((MIN(F96:H96)-(SUM(F96:H96)-MAX(F96:H96)-MIN(F96:H96)))/(MAX(F96:H96)-MIN(F96:H96))) -> 0.49471024 | N96: 0.941
A97: 485 | B97: =B54/B$95 -> 0.29691333 | C97: =C54/C$95 -> 0.277175 | D97: =D54/D$95 -> 0.286252 | E97: =AVERAGE(B97:D97) -> 0.28678011 | F97: =E54/F$95 -> 0.37942667 | G97: =F54/G$95 -> 0.4353775 | H97: =G54/H$95 -> 0.495216 | I97: =AVERAGE(F97:H97) -> 0.43667339 | J97: =STDEV(B97:D97) -> 0.0098797584 | K97: =STDEV(F97:H97) -> 0.057905543 | L97: =ABS((MAX(F97:H97)-(SUM(F97:H97)-MAX(F97:H97)-MIN(F97:H97)))/(MAX(F97:H97)-MIN(F97:H97))) -> 0.51678767 | M97: =ABS((MIN(F97:H97)-(SUM(F97:H97)-MAX(F97:H97)-MIN(F97:H97)))/(MAX(F97:H97)-MIN(F97:H97))) -> 0.48321233 | N97: 0.941
A98: 490 | B98: =B55/B$95 -> 0.32189033 | C98: =C55/C$95 -> 0.3048325 | D98: =D55/D$95 -> 0.31626 | E98: =AVERAGE(B98:D98) -> 0.31432761 | F98: =E55/F$95 -> 0.41914 | G98: =F55/G$95 -> 0.4737725 | H98: =G55/H$95 -> 0.53299 | I98: =AVERAGE(F98:H98) -> 0.47530083 | J98: =STDEV(B98:D98) -> 0.0086915485 | K98: =STDEV(F98:H98) -> 0.056940385 | L98: =ABS((MAX(F98:H98)-(SUM(F98:H98)-MAX(F98:H98)-MIN(F98:H98)))/(MAX(F98:H98)-MIN(F98:H98))) -> 0.52013614 | M98: =ABS((MIN(F98:H98)-(SUM(F98:H98)-MAX(F98:H98)-MIN(F98:H98)))/(MAX(F98:H98)-MIN(F98:H98))) -> 0.47986386 | N98: 0.941
A99: 495 | B99: =B56/B$95 -> 0.34465667 | C99: =C56/C$95 -> 0.32929 | D99: =D56/D$95 -> 0.344106 | E99: =AVERAGE(B99:D99) -> 0.33935089 | F99: =E56/F$95 -> 0.45206333 | G99: =F56/G$95 -> 0.504695 | H99: =G56/H$95 -> 0.563652 | I99: =AVERAGE(F99:H99) -> 0.50680344 | J99: =STDEV(B99:D99) -> 0.0087173346 | K99: =STDEV(F99:H99) -> 0.055824204 | L99: =ABS((MAX(F99:H99)-(SUM(F99:H99)-MAX(F99:H99)-MIN(F99:H99)))/(MAX(F99:H99)-MIN(F99:H99))) -> 0.52834219 | M99: =ABS((MIN(F99:H99)-(SUM(F99:H99)-MAX(F99:H99)-MIN(F99:H99)))/(MAX(F99:H99)-MIN(F99:H99))) -> 0.47165781 | N99: 0.941
A100: 500 | B100: =B57/B$95 -> 0.36566333 | C100: =C57/C$95 -> 0.3520525 | D100: =D57/D$95 -> 0.368674 | E100: =AVERAGE(B100:D100) -> 0.36212994 | F100: =E57/F$95 -> 0.47441333 | G100: =F57/G$95 -> 0.5243325 | H100: =G57/H$95 -> 0.581248 | I100: =AVERAGE(F100:H100) -> 0.52666461 | J100: =STDEV(B100:D100) -> 0.0088561952 | K100: =STDEV(F100:H100) -> 0.053455501 | L100: =ABS((MAX(F100:H100)-(SUM(F100:H100)-MAX(F100:H100)-MIN(F100:H100)))/(MAX(F100:H100)-MIN(F100:H100))) -> 0.53274374 | M100: =ABS((MIN(F100:H100)-(SUM(F100:H100)-MAX(F100:H100)-MIN(F100:H100)))/(MAX(F100:H100)-MIN(F100:H100))) -> 0.46725626 | N100: 0.941
A101: 505 | B101: =B58/B$95 -> 0.38486667 | C101: =C58/C$95 -> 0.3732675 | D101: =D58/D$95 -> 0.39184 | E101: =AVERAGE(B101:D101) -> 0.38332472 | F101: =E58/F$95 -> 0.48745667 | G101: =F58/G$95 -> 0.5311775 | H101: =G58/H$95 -> 0.586412 | I101: =AVERAGE(F101:H101) -> 0.53501539 | J101: =STDEV(B101:D101) -> 0.0093817713 | K101: =STDEV(F101:H101) -> 0.049589178 | L101: =ABS((MAX(F101:H101)-(SUM(F101:H101)-MAX(F101:H101)-MIN(F101:H101)))/(MAX(F101:H101)-MIN(F101:H101))) -> 0.55817608 | M101: =ABS((MIN(F101:H101)-(SUM(F101:H101)-MAX(F101:H101)-MIN(F101:H101)))/(MAX(F101:H101)-MIN(F101:H101))) -> 0.44182392 | N101: 0.941
A102: 510 | B102: =B59/B$95 -> 0.40135 | C102: =C59/C$95 -> 0.3921775 | D102: =D59/D$95 -> 0.411864 | E102: =AVERAGE(B102:D102) -> 0.40179717 | F102: =E59/F$95 -> 0.49246667 | G102: =F59/G$95 -> 0.5302075 | H102: =G59/H$95 -> 0.582492 | I102: =AVERAGE(F102:H102) -> 0.53505539 | J102: =STDEV(B102:D102) -> 0.0098508649 | K102: =STDEV(F102:H102) -> 0.045208038 | L102: =ABS((MAX(F102:H102)-(SUM(F102:H102)-MAX(F102:H102)-MIN(F102:H102)))/(MAX(F102:H102)-MIN(F102:H102))) -> 0.58077541 | M102: =ABS((MIN(F102:H102)-(SUM(F102:H102)-MAX(F102:H102)-MIN(F102:H102)))/(MAX(F102:H102)-MIN(F102:H102))) -> 0.41922459 | N102: 0.941
A103: 515 | B103: =B60/B$95 -> 0.41407667 | C103: =C60/C$95 -> 0.4062225 | D103: =D60/D$95 -> 0.427274 | E103: =AVERAGE(B103:D103) -> 0.41585772 | F103: =E60/F$95 -> 0.49444 | G103: =F60/G$95 -> 0.526005 | H103: =G60/H$95 -> 0.575126 | I103: =AVERAGE(F103:H103) -> 0.531857 | J103: =STDEV(B103:D103) -> 0.010638164 | K103: =STDEV(F103:H103) -> 0.04066008 | L103: =ABS((MAX(F103:H103)-(SUM(F103:H103)-MAX(F103:H103)-MIN(F103:H103)))/(MAX(F103:H103)-MIN(F103:H103))) -> 0.60879211 | M103: =ABS((MIN(F103:H103)-(SUM(F103:H103)-MAX(F103:H103)-MIN(F103:H103)))/(MAX(F103:H103)-MIN(F103:H103))) -> 0.39120789 | N103: 0.941
A104: 520 | B104: =B61/B$95 -> 0.42071 | C104: =C61/C$95 -> 0.4147 | D104: =D61/D$95 -> 0.43669 | E104: =AVERAGE(B104:D104) -> 0.42403333 | F104: =E61/F$95 -> 0.49781667 | G104: =F61/G$95 -> 0.5237075 | H104: =G61/H$95 -> 0.57 | I104: =AVERAGE(F104:H104) -> 0.53050806 | J104: =STDEV(B104:D104) -> 0.011365449 | K104: =STDEV(F104:H104) -> 0.036569032 | L104: =ABS((MAX(F104:H104)-(SUM(F104:H104)-MAX(F104:H104)-MIN(F104:H104)))/(MAX(F104:H104)-MIN(F104:H104))) -> 0.6413184 | M104: =ABS((MIN(F104:H104)-(SUM(F104:H104)-MAX(F104:H104)-MIN(F104:H104)))/(MAX(F104:H104)-MIN(F104:H104))) -> 0.3586816 | N104: 0.941
A105: 525 | B105: =B62/B$95 -> 0.42256 | C105: =C62/C$95 -> 0.41797 | D105: =D62/D$95 -> 0.440342 | E105: =AVERAGE(B105:D105) -> 0.42695733 | F105: =E62/F$95 -> 0.50275333 | G105: =F62/G$95 -> 0.523975 | H105: =G62/H$95 -> 0.56777 | I105: =AVERAGE(F105:H105) -> 0.53149944 | J105: =STDEV(B105:D105) -> 0.011816472 | K105: =STDEV(F105:H105) -> 0.03315501 | L105: =ABS((MAX(F105:H105)-(SUM(F105:H105)-MAX(F105:H105)-MIN(F105:H105)))/(MAX(F105:H105)-MIN(F105:H105))) -> 0.67359651 | M105: =ABS((MIN(F105:H105)-(SUM(F105:H105)-MAX(F105:H105)-MIN(F105:H105)))/(MAX(F105:H105)-MIN(F105:H105))) -> 0.32640349 | N105: 0.941
A106: 530 | B106: =B63/B$95 -> 0.41920333 | C106: =C63/C$95 -> 0.415955 | D106: =D63/D$95 -> 0.43825 | E106: =AVERAGE(B106:D106) -> 0.42446944 | F106: =E63/F$95 -> 0.50003333 | G106: =F63/G$95 -> 0.5172875 | H106: =G63/H$95 -> 0.558464 | I106: =AVERAGE(F106:H106) -> 0.52526161 | J106: =STDEV(B106:D106) -> 0.012044322 | K106: =STDEV(F106:H106) -> 0.030020419 | L106: =ABS((MAX(F106:H106)-(SUM(F106:H106)-MAX(F106:H106)-MIN(F106:H106)))/(MAX(F106:H106)-MIN(F106:H106))) -> 0.704707 | M106: =ABS((MIN(F106:H106)-(SUM(F106:H106)-MAX(F106:H106)-MIN(F106:H106)))/(MAX(F106:H106)-MIN(F106:H106))) -> 0.295293 | N106: 0.941
A107: 535 | B107: =B64/B$95 -> 0.4126 | C107: =C64/C$95 -> 0.41068 | D107: =D64/D$95 -> 0.43227 | E107: =AVERAGE(B107:D107) -> 0.41851667 | F107: =E64/F$95 -> 0.48051667 | G107: =F64/G$95 -> 0.49268 | H107: =G64/H$95 -> 0.53039 | I107: =AVERAGE(F107:H107) -> 0.50119556 | J107: =STDEV(B107:D107) -> 0.011949361 | K107: =STDEV(F107:H107) -> 0.026004295 | L107: =ABS((MAX(F107:H107)-(SUM(F107:H107)-MAX(F107:H107)-MIN(F107:H107)))/(MAX(F107:H107)-MIN(F107:H107))) -> 0.75611549 | M107: =ABS((MIN(F107:H107)-(SUM(F107:H107)-MAX(F107:H107)-MIN(F107:H107)))/(MAX(F107:H107)-MIN(F107:H107))) -> 0.24388451 | N107: 0.941
A108: 540 | B108: =B65/B$95 -> 0.40378333 | C108: =C65/C$95 -> 0.4024575 | D108: =D65/D$95 -> 0.42314 | E108: =AVERAGE(B108:D108) -> 0.40979361 | F108: =E65/F$95 -> 0.44368333 | G108: =F65/G$95 -> 0.4497725 | H108: =G65/H$95 -> 0.482874 | I108: =AVERAGE(F108:H108) -> 0.45877661 | J108: =STDEV(B108:D108) -> 0.011577307 | K108: =STDEV(F108:H108) -> 0.02108987 | L108: =ABS((MAX(F108:H108)-(SUM(F108:H108)-MAX(F108:H108)-MIN(F108:H108)))/(MAX(F108:H108)-MIN(F108:H108))) -> 0.84462712 | M108: =ABS((MIN(F108:H108)-(SUM(F108:H108)-MAX(F108:H108)-MIN(F108:H108)))/(MAX(F108:H108)-MIN(F108:H108))) -> 0.15537288 | N108: 0.941
A109: 545 | B109: =B66/B$95 -> 0.39119333 | C109: =C66/C$95 -> 0.3906025 | D109: =D66/D$95 -> 0.410394 | E109: =AVERAGE(B109:D109) -> 0.39739661 | F109: =E66/F$95 -> 0.39922667 | G109: =F66/G$95 -> 0.39847 | H109: =G66/H$95 -> 0.426112 | I109: =AVERAGE(F109:H109) -> 0.40793622 | J109: =STDEV(B109:D109) -> 0.011259945 | K109: =STDEV(F109:H109) -> 0.015745231 | L109: =ABS((MAX(F109:H109)-(SUM(F109:H109)-MAX(F109:H109)-MIN(F109:H109)))/(MAX(F109:H109)-MIN(F109:H109))) -> 0.9726262 | M109: =ABS((MIN(F109:H109)-(SUM(F109:H109)-MAX(F109:H109)-MIN(F109:H109)))/(MAX(F109:H109)-MIN(F109:H109))) -> 0.027373803 | N109: 0.941 | O109: <- El test q ens diu que cal descartar
A110: 550 | B110: =B67/B$95 -> 0.37405333 | C110: =C67/C$95 -> 0.3737625 | D110: =D67/D$95 -> 0.392344 | E110: =AVERAGE(B110:D110) -> 0.38005328 | F110: =E67/F$95 -> 0.35682667 | G110: =F67/G$95 -> 0.3493725 | H110: =G67/H$95 -> 0.371904 | I110: =AVERAGE(F110:H110) -> 0.35936772 | J110: =STDEV(B110:D110) -> 0.010645071 | K110: =STDEV(F110:H110) -> 0.011478669 | L110: =ABS((MAX(F110:H110)-(SUM(F110:H110)-MAX(F110:H110)-MIN(F110:H110)))/(MAX(F110:H110)-MIN(F110:H110))) -> 0.66916687 | M110: =ABS((MIN(F110:H110)-(SUM(F110:H110)-MAX(F110:H110)-MIN(F110:H110)))/(MAX(F110:H110)-MIN(F110:H110))) -> 0.33083313 | N110: 0.941
A112: Comentaris: Utilitzem el test Q per a veure si cal descartar algun a de les longituds d'ona però no ho fem realment perqué no s'ha d'utilitzar en aquest context! | J112: Observem que el test Q diu a nivell teòric que caldria descartar els patrons de níquel a 545 nm, però reflexionant una mica realment no s'ha de fer! Per la manera en la qual estem aplicant el test, cada vegada que l'apliquem hi ha un 95% de probabilitats de que el resultat del test sigui correcte ja que aquest és el risc que estem considerant. Tot i així, si apliquem el test en la nostra mostra de 15 longituds d'ona, només hi haurà una probabilitat de 0,95^15= 0,463 Per tant del 46,3 percent de que cap dels testos s'equivoqui i, per tant, estarem descartant algun valor que realment no s'hauria de descartar. Això passa justament en aquest cas perqué tenim una sola mostra a la qual li estem aplicant el test Q moltes vegades, i justament això explica Dixon que no s'ha de fer al seu paper presentant el test Q (https://doi.org/10.1021/ac60052a025)
A113: Per altra banda, les desviacions obtingudes són prou grans com per a representar una font d'error important en la resolució del problema, però no n'hi ha cap pitjor que la resta que es pugui descartar
A115: 8.1.b. Mostra Ni/Co 0,2/0,4 (mg/L) | C115: la ordenada d'origen és la concentració de níquel!
B116: k2/k1 | C116: A/k1
A117: Longitud d'ona (nm) | B117: x | C117: y | D117: k1niquel | E117: k2 cobalt | F117: k2/k1 | G117: A/k1
A118: 480 | B118: =F118 -> 0.64866203 | C118: =G118 -> 0.46525122 | D118: =I96 -> 0.39612578 | E118: =E96 -> 0.25695175 | F118: =E118/D118 -> 0.64866203 | G118: =H53/D118 -> 0.46525122
A119: 485 | B119: =F119 -> 0.65673824 | C119: =G119 -> 0.46908286 | D119: =I97 -> 0.43667339 | E119: =E97 -> 0.28678011 | F119: =E119/D119 -> 0.65673824 | G119: =H54/D119 -> 0.46908286
A120: 490 | B120: =F120 -> 0.6613235 | C120: =G120 -> 0.47042838 | D120: =I98 -> 0.47530083 | E120: =E98 -> 0.31432761 | F120: =E120/D120 -> 0.6613235 | G120: =H55/D120 -> 0.47042838
A121: 495 | B121: =F121 -> 0.66959073 | C121: =G121 -> 0.47411477 | D121: =I99 -> 0.50680344 | E121: =E99 -> 0.33935089 | F121: =E121/D121 -> 0.66959073 | G121: =H56/D121 -> 0.47411477
A122: 500 | B122: =F122 -> 0.68759119 | C122: =G122 -> 0.48095884 | D122: =I100 -> 0.52666461 | E122: =E100 -> 0.36212994 | F122: =E122/D122 -> 0.68759119 | G122: =H57/D122 -> 0.48095884
A123: 505 | B123: =F123 -> 0.7164742 | C123: =G123 -> 0.4926662 | D123: =I101 -> 0.53501539 | E123: =E101 -> 0.38332472 | F123: =E123/D123 -> 0.7164742 | G123: =H58/D123 -> 0.4926662
A124: 510 | B124: =F124 -> 0.750945 | C124: =G124 -> 0.50670829 | D124: =I102 -> 0.53505539 | E124: =E102 -> 0.40179717 | F124: =E124/D124 -> 0.750945 | G124: =H59/D124 -> 0.50670829
A125: 515 | B125: =F125 -> 0.78189762 | C125: =G125 -> 0.51916211 | D125: =I103 -> 0.531857 | E125: =E103 -> 0.41585772 | F125: =E125/D125 -> 0.78189762 | G125: =H60/D125 -> 0.51916211
A126: 520 | B126: =F126 -> 0.79929669 | C126: =G126 -> 0.52621067 | D126: =I104 -> 0.53050806 | E126: =E104 -> 0.42403333 | F126: =E126/D126 -> 0.79929669 | G126: =H61/D126 -> 0.52621067
A127: 525 | B127: =F127 -> 0.80330721 | C127: =G127 -> 0.52713131 | D127: =I105 -> 0.53149944 | E127: =E105 -> 0.42695733 | F127: =E127/D127 -> 0.80330721 | G127: =H62/D127 -> 0.52713131
A128: 530 | B128: =F128 -> 0.80811054 | C128: =G128 -> 0.52859184 | D128: =I106 -> 0.52526161 | E128: =E106 -> 0.42446944 | F128: =E128/D128 -> 0.80811054 | G128: =H63/D128 -> 0.52859184
A129: 535 | B129: =F129 -> 0.83503667 | C129: =G129 -> 0.53887748 | D129: =I107 -> 0.50119556 | E129: =E107 -> 0.41851667 | F129: =E129/D129 -> 0.83503667 | G129: =H64/D129 -> 0.53887748
... A132: 550 | B132: =F132 -> 1.057561 | C132: =G132 -> 0.62541788 | D132: =I110 -> 0.35936772 | E132: =E110 -> 0.38005328 | F132: =E132/D132 -> 1.057561 | G132: =H67/D132 -> 0.62541788
F134: Regressió lineal y = ax +b
E135: a | F135: {=LINEST(C118:C132,B118:B132,TRUE,TRUE)} -> 0.39130421 | G135: 0.21225621 | H135: b
E136: u_a | F136: 0.0013471837 | G136: 0.0010664027 | H136: u_b
E137: R^2 | F137: 0.99984594 | G137: 0.00060893187
E138: F | F138: 84367.538 | G138: 13
F139: 0.031283316 | G139: 4.8203743e-06
A147: n | B147: 15 | C147: Hem utilitzat tots els punts doncs la resposta és lineal en tot l'interval!
A148: Pendent | B148: 0.39130421 | C148: desv. estand. Pendent | D148: 0.001347184
A149: Ord. Origen | B149: 0.21225621 | C149: desv. estand. Ord. Origen | D149: 0.001066403
A151: Comentaris
A152: Gràficament s'observa com tots els punts s'ajusten satisfactoriament a la recta traçada i s'obté un coeficient de correlació molt alt! Els resultats s'ajusten bé amb les concentracions preparades
A154: 8.1.c. Mostra Ni/Co 0,4/0,2 (mg/L) | C154: la ordenada d'origen és la concentració de níquel!
B155: k2/k1 | C155: A/k1
...

Sheet Solver
F1: 8.2.b. Mostra Ni/Co 0,2/0,4 (mg/L) | P1: 8.2.c. Mostra Ni/Co 0,4/0,2 (mg/L) | Y1: 8.1.d. Mostra Ni/Co 0,4/0,4 (mg/L)
B2: k mitjana | F2: Absorbància | P2: Absorbància | Y2: Absorbància
A3: lambda (nm) | B3: Níquel | C3: Cobalt | F3: Experimental | G3: Calculada | H3: Diferència | I3: Diferència^2 | J3: err. Rel | K3: cNi | L3: 0.21197824 | P3: Experimental | Q3: Calculada | R3: Diferència | S3: Diferència^2 | T3: err. Rel | U3: cNi | V3: 0.46033056 | Y3: Experimental | Z3: Calculada | AA3: Diferència | AB3: Diferència^2 | AC3: err. Rel | AD3: cNi | AE3: 0.47712715
A4: ='Pràctica A'!A196 -> 480 | B4: ='Pràctica A'!D196 -> 0.39612578 | C4: ='Pràctica A'!E196 -> 0.25695175 | F4: ='Pràctica A'!H53 -> 0.184298 | G4: =$L$5+$L$4*C4+$L$3*B4 -> 0.18463816 | H4: =G4-F4 -> 0.00034016091 | I4: =H4^2 -> 1.1570945e-07 | J4: =ABS(G4-F4)/F4*100 -> 0.18457114 | K4: cCo | L4: 0.39177828 | P4: ='Pràctica A'!J53 -> 0.222974 | Q4: =$V$5+$V$4*C4+$V$3*B4 -> 0.22280764 | R4: =Q4-P4 -> -0.00016636145 | S4: =R4^2 -> 2.7676133e-08 | T4: =ABS(Q4-P4)/P4*100 -> 0.074610248 | U4: cCo | V4: 0.12337091 | Y4: ='Pràctica A'!I53 -> 0.272768 | Z4: =$AE$5+$AE$4*C4+$AE$3*B4 -> 0.27399522 | AA4: =Z4-Y4 -> 0.0012272175 | AB4: =AA4^2 -> 1.5060629e-06 | AC4: =ABS(Z4-Y4)/Y4*100 -> 0.44991258 | AD4: cCo | AE4: 0.33077359
A5: ='Pràctica A'!A197 -> 485 | B5: ='Pràctica A'!D197 -> 0.43667339 | C5: ='Pràctica A'!E197 -> 0.28678011 | F5: ='Pràctica A'!H54 -> 0.204836 | G5: =$L$5+$L$4*C5+$L$3*B5 -> 0.20491948 | H5: =G5-F5 -> 8.3476262e-05 | I5: =H5^2 -> 6.9682863e-09 | J5: =ABS(G5-F5)/F5*100 -> 0.04075273 | K5: e | L5: 0 | P5: ='Pràctica A'!J54 -> 0.245325 | Q5: =$V$5+$V$4*C5+$V$3*B5 -> 0.2451529 | R5: =Q5-P5 -> -0.00017210477 | S5: =R5^2 -> 2.9620053e-08 | T5: =ABS(Q5-P5)/P5*100 -> 0.070153785 | U5: e | V5: 0.0087584652 | Y5: ='Pràctica A'!I54 -> 0.302884 | Z5: =$AE$5+$AE$4*C5+$AE$3*B5 -> 0.30320802 | AA5: =Z5-Y5 -> 0.00032401791 | AB5: =AA5^2 -> 1.0498761e-07 | AC5: =ABS(Z5-Y5)/Y5*100 -> 0.10697756 | AD5: e | AE5: 0
A6: ='Pràctica A'!A198 -> 490 | B6: ='Pràctica A'!D198 -> 0.47530083 | C6: ='Pràctica A'!E198 -> 0.31432761 | F6: ='Pràctica A'!H55 -> 0.223595 | G6: =$L$5+$L$4*C6+$L$3*B6 -> 0.22390017 | H6: =G6-F6 -> 0.00030516622 | I6: =H6^2 -> 9.3126419e-08 | J6: =ABS(G6-F6)/F6*100 -> 0.13648168 | K6: SS | L6: =SUM(I4:I18) -> 1.1328827e-06 | P6: ='Pràctica A'!J55 -> 0.266254 | Q6: =$V$5+$V$4*C6+$V$3*B6 -> 0.26633285 | R6: =Q6-P6 -> 7.8848596e-05 | S6: =R6^2 -> 6.2171011e-09 | T6: =ABS(Q6-P6)/P6*100 -> 0.029614051 | U6: SS | V6: =SUM(S4:S18) -> 3.3076729e-06 | Y6: ='Pràctica A'!I55 -> 0.330733 | Z6: =$AE$5+$AE$4*C6+$AE$3*B6 -> 0.33075021 | AA6: =Z6-Y6 -> 1.7206003e-05 | AB6: =AA6^2 -> 2.9604655e-10 | AC6: =ABS(Z6-Y6)/Y6*100 -> 0.0052023848 | AD6: SS | AE6: =SUM(AB4:AB18) -> 8.0627072e-06
A7: ='Pràctica A'!A199 -> 495 | B7: ='Pràctica A'!D199 -> 0.50680344 | C7: ='Pràctica A'!E199 -> 0.33935089 | F7: ='Pràctica A'!H56 -> 0.240283 | G7: =$L$5+$L$4*C7+$L$3*B7 -> 0.24038161 | H7: =G7-F7 -> 9.8611072e-05 | I7: =H7^2 -> 9.7241435e-09 | J7: =ABS(G7-F7)/F7*100 -> 0.041039554 | P7: ='Pràctica A'!J56 -> 0.283598 | Q7: =$V$5+$V$4*C7+$V$3*B7 -> 0.28392161 | R7: =Q7-P7 -> 0.00032360783 | S7: =R7^2 -> 1.0472203e-07 | T7: =ABS(Q7-P7)/P7*100 -> 0.11410794 | Y7: ='Pràctica A'!I56 -> 0.354012 | Z7: =$AE$5+$AE$4*C7+$AE$3*B7 -> 0.354058 | AA7: =Z7-Y7 -> 4.5996605e-05 | AB7: =AA7^2 -> 2.1156877e-09 | AC7: =ABS(Z7-Y7)/Y7*100 -> 0.012992951
A8: ='Pràctica A'!A200 -> 500 | B8: ='Pràctica A'!D200 -> 0.52666461 | C8: ='Pràctica A'!E200 -> 0.36212994 | F8: ='Pràctica A'!H57 -> 0.253304 | G8: =$L$5+$L$4*C8+$L$3*B8 -> 0.25351609 | H8: =G8-F8 -> 0.00021208545 | I8: =H8^2 -> 4.498024e-08 | J8: =ABS(G8-F8)/F8*100 -> 0.083727637 | P8: ='Pràctica A'!J57 -> 0.29537 | Q8: =$V$5+$V$4*C8+$V$3*B8 -> 0.29587458 | R8: =Q8-P8 -> 0.00050458264 | S8: =R8^2 -> 2.5460364e-07 | T8: =ABS(Q8-P8)/P8*100 -> 0.1708307 | Y8: ='Pràctica A'!I57 -> 0.370971 | Z8: =$AE$5+$AE$4*C8+$AE$3*B8 -> 0.37106901 | AA8: =Z8-Y8 -> 9.8008532e-05 | AB8: =AA8^2 -> 9.6056724e-09 | AC8: =ABS(Z8-Y8)/Y8*100 -> 0.026419459
A9: ='Pràctica A'!A201 -> 505 | B9: ='Pràctica A'!D201 -> 0.53501539 | C9: ='Pràctica A'!E201 -> 0.38332472 | F9: ='Pràctica A'!H58 -> 0.263584 | G9: =$L$5+$L$4*C9+$L$3*B9 -> 0.26358992 | H9: =G9-F9 -> 5.9221844e-06 | I9: =H9^2 -> 3.5072268e-11 | J9: =ABS(G9-F9)/F9*100 -> 0.0022467921 | P9: ='Pràctica A'!J58 -> 0.302356 | Q9: =$V$5+$V$4*C9+$V$3*B9 -> 0.30233352 | R9: =Q9-P9 -> -2.2480148e-05 | S9: =R9^2 -> 5.0535705e-10 | T9: =ABS(Q9-P9)/P9*100 -> 0.0074349931 | Y9: ='Pràctica A'!I58 -> 0.382485 | Z9: =$AE$5+$AE$4*C9+$AE$3*B9 -> 0.38206406 | AA9: =Z9-Y9 -> -0.00042093586 | AB9: =AA9^2 -> 1.77187e-07 | AC9: =ABS(Z9-Y9)/Y9*100 -> 0.11005291
A10: ='Pràctica A'!A202 -> 510 | B10: ='Pràctica A'!D202 -> 0.53505539 | C10: ='Pràctica A'!E202 -> 0.40179717 | F10: ='Pràctica A'!H59 -> 0.271117 | G10: =$L$5+$L$4*C10+$L$3*B10 -> 0.2708355 | H10: =G10-F10 -> -0.00028149623 | I10: =H10^2 -> 7.9240129e-08 | J10: =ABS(G10-F10)/F10*100 -> 0.10382832 | P10: ='Pràctica A'!J59 -> 0.305127 | Q10: =$V$5+$V$4*C10+$V$3*B10 -> 0.3046309 | R10: =Q10-P10 -> -0.0004961047 | S10: =R10^2 -> 2.4611987e-07 | T10: =ABS(Q10-P10)/P10*100 -> 0.16258958 | Y10: ='Pràctica A'!I59 -> 0.389229 | Z10: =$AE$5+$AE$4*C10+$AE$3*B10 -> 0.38819335 | AA10: =Z10-Y10 -> -0.001035654 | AB10: =AA10^2 -> 1.0725791e-06 | AC10: =ABS(Z10-Y10)/Y10*100 -> 0.26607831
A11: ='Pràctica A'!A203 -> 515 | B11: ='Pràctica A'!D203 -> 0.531857 | C11: ='Pràctica A'!E203 -> 0.41585772 | F11: ='Pràctica A'!H60 -> 0.27612 | G11: =$L$5+$L$4*C11+$L$3*B11 -> 0.27566614 | H11: =G11-F11 -> -0.00045386487 | I11: =H11^2 -> 2.0599332e-07 | J11: =ABS(G11-F11)/F11*100 -> 0.16437233 | P11: ='Pràctica A'!J60 -> 0.305818 | Q11: =$V$5+$V$4*C11+$V$3*B11 -> 0.30489324 | R11: =Q11-P11 -> -0.00092475736 | S11: =R11^2 -> 8.5517618e-07 | T11: =ABS(Q11-P11)/P11*100 -> 0.30238814 | Y11: ='Pràctica A'!I60 -> 0.392589 | Z11: =$AE$5+$AE$4*C11+$AE$3*B11 -> 0.39131817 | AA11: =Z11-Y11 -> -0.0012708317 | AB11: =AA11^2 -> 1.6150131e-06 | AC11: =ABS(Z11-Y11)/Y11*100 -> 0.32370536
A12: ='Pràctica A'!A204 -> 520 | B12: ='Pràctica A'!D204 -> 0.53050806 | C12: ='Pràctica A'!E204 -> 0.42403333 | F12: ='Pràctica A'!H61 -> 0.279159 | G12: =$L$5+$L$4*C12+$L$3*B12 -> 0.27858322 | H12: =G12-F12 -> -0.00057578491 | I12: =H12^2 -> 3.3152826e-07 | J12: =ABS(G12-F12)/F12*100 -> 0.20625698 | P12: ='Pràctica A'!J61 -> 0.306021 | Q12: =$V$5+$V$4*C12+$V$3*B12 -> 0.30528091 | R12: =Q12-P12 -> -0.00074008516 | S12: =R12^2 -> 5.4772605e-07 | T12: =ABS(Q12-P12)/P12*100 -> 0.2418413 | Y12: ='Pràctica A'!I61 -> 0.394476 | Z12: =$AE$5+$AE$4*C12+$AE$3*B12 -> 0.39337883 | AA12: =Z12-Y12 -> -0.0010971734 | AB12: =AA12^2 -> 1.2037895e-06 | AC12: =ABS(Z12-Y12)/Y12*100 -> 0.27813439
A13: ='Pràctica A'!A205 -> 525 | B13: ='Pràctica A'!D205 -> 0.53149944 | C13: ='Pràctica A'!E205 -> 0.42695733 | F13: ='Pràctica A'!H62 -> 0.28017 | G13: =$L$5+$L$4*C13+$L$3*B13 -> 0.27993893 | H13: =G13-F13 -> -0.00023107235 | I13: =H13^2 -> 5.3394433e-08 | J13: =ABS(G13-F13)/F13*100 -> 0.082475766 | P13: ='Pràctica A'!J62 -> 0.306065 | Q13: =$V$5+$V$4*C13+$V$3*B13 -> 0.30609802 | R13: =Q13-P13 -> 3.3017979e-05 | S13: =R13^2 -> 1.0901869e-09 | T13: =ABS(Q13-P13)/P13*100 -> 0.010787898 | Y13: ='Pràctica A'!I62 -> 0.394721 | Z13: =$AE$5+$AE$4*C13+$AE$3*B13 -> 0.39481903 | AA13: =Z13-Y13 -> 9.8027131e-05 | AB13: =AA13^2 -> 9.6093185e-09 | AC13: =ABS(Z13-Y13)/Y13*100 -> 0.024834537
A14: ='Pràctica A'!A206 -> 530 | B14: ='Pràctica A'!D206 -> 0.52526161 | C14: ='Pràctica A'!E206 -> 0.42446944 | F14: ='Pràctica A'!H63 -> 0.277649 | G14: =$L$5+$L$4*C14+$L$3*B14 -> 0.27764194 | H14: =G14-F14 -> -7.0581362e-06 | I14: =H14^2 -> 4.9817287e-11 | J14: =ABS(G14-F14)/F14*100 -> 0.0025421076 | P14: ='Pràctica A'!J63 -> 0.302216 | Q14: =$V$5+$V$4*C14+$V$3*B14 -> 0.30291962 | R14: =Q14-P14 -> 0.00070361953 | S14: =R14^2 -> 4.9508044e-07 | T14: =ABS(Q14-P14)/P14*100 -> 0.23282008 | Y14: ='Pràctica A'!I63 -> 0.390117 | Z14: =$AE$5+$AE$4*C14+$AE$3*B14 -> 0.39101986 | AA14: =Z14-Y14 -> 0.00090285953 | AB14: =AA14^2 -> 8.1515534e-07 | AC14: =ABS(Z14-Y14)/Y14*100 -> 0.23143301
A15: ='Pràctica A'!A207 -> 535 | B15: ='Pràctica A'!D207 -> 0.50119556 | C15: ='Pràctica A'!E207 -> 0.41851667 | F15: ='Pràctica A'!H64 -> 0.270083 | G15: =$L$5+$L$4*C15+$L$3*B15 -> 0.27020829 | H15: =G15-F15 -> 0.00012529263 | I15: =H15^2 -> 1.5698243e-08 | J15: =ABS(G15-F15)/F15*100 -> 0.046390417 | P15: ='Pràctica A'!J64 -> 0.290308 | Q15: =$V$5+$V$4*C15+$V$3*B15 -> 0.29110688 | R15: =Q15-P15 -> 0.000798879 | S15: =R15^2 -> 6.3820765e-07 | T15: =ABS(Q15-P15)/P15*100 -> 0.27518325 | Y15: ='Pràctica A'!I64 -> 0.376455 | Z15: =$AE$5+$AE$4*C15+$AE$3*B15 -> 0.37756827 | AA15: =Z15-Y15 -> 0.0011132693 | AB15: =AA15^2 -> 1.2393685e-06 | AC15: =ABS(Z15-Y15)/Y15*100 -> 0.2957244
A16: ='Pràctica A'!A208 -> 540 | B16: ='Pràctica A'!D208 -> 0.45877661 | C16: ='Pràctica A'!E208 -> 0.40979361 | F16: ='Pràctica A'!H65 -> 0.257577 | G16: =$L$5+$L$4*C16+$L$3*B16 -> 0.2577989 | H16: =G16-F16 -> 0.00022189557 | I16: =H16^2 -> 4.9237643e-08 | J16: =ABS(G16-F16)/F16*100 -> 0.086147275 | P16: ='Pràctica A'!J65 -> 0.27023 | Q16: =$V$5+$V$4*C16+$V$3*B16 -> 0.27050397 | R16: =Q16-P16 -> 0.00027397108 | S16: =R16^2 -> 7.5060154e-08 | T16: =ABS(Q16-P16)/P16*100 -> 0.10138441 | Y16: ='Pràctica A'!I65 -> 0.35389 | Z16: =$AE$5+$AE$4*C16+$AE$3*B16 -> 0.35444368 | AA16: =Z16-Y16 -> 0.00055368275 | AB16: =AA16^2 -> 3.0656458e-07 | AC16: =ABS(Z16-Y16)/Y16*100 -> 0.15645617
A17: ='Pràctica A'!A209 -> 545 | B17: ='Pràctica A'!D209 -> 0.40793622 | C17: ='Pràctica A'!E209 -> 0.39739661 | F17: ='Pràctica A'!H66 -> 0.242007 | G17: =$L$5+$L$4*C17+$L$3*B17 -> 0.24216496 | H17: =G17-F17 -> 0.00015796387 | I17: =H17^2 -> 2.4952584e-08 | J17: =ABS(G17-F17)/F17*100 -> 0.065272439 | P17: ='Pràctica A'!J66 -> 0.245724 | Q17: =$V$5+$V$4*C17+$V$3*B17 -> 0.24557116 | R17: =Q17-P17 -> -0.00015284297 | S17: =R17^2 -> 2.3360972e-08 | T17: =ABS(Q17-P17)/P17*100 -> 0.062201074 | Y17: ='Pràctica A'!I66 -> 0.326104 | Z17: =$AE$5+$AE$4*C17+$AE$3*B17 -> 0.32608575 | AA17: =Z17-Y17 -> -1.8247419e-05 | AB17: =AA17^2 -> 3.3296829e-10 | AC17: =ABS(Z17-Y17)/Y17*100 -> 0.0055955826
A18: ='Pràctica A'!A210 -> 550 | B18: ='Pràctica A'!D210 -> 0.35936772 | C18: ='Pràctica A'!E210 -> 0.38005328 | F18: ='Pràctica A'!H67 -> 0.224755 | G18: =$L$5+$L$4*C18+$L$3*B18 -> 0.22507476 | H18: =G18-F18 -> 0.00031975724 | I18: =H18^2 -> 1.0224469e-07 | J18: =ABS(G18-F18)/F18*100 -> 0.14226925 | P18: ='Pràctica A'!J67 -> 0.221124 | Q18: =$V$5+$V$4*C18+$V$3*B18 -> 0.22107393 | R18: =Q18-P18 -> -5.0070752e-05 | S18: =R18^2 -> 2.5070802e-09 | T18: =ABS(Q18-P18)/P18*100 -> 0.022643744 | Y18: ='Pràctica A'!I67 -> 0.297182 | Z18: =$AE$5+$AE$4*C18+$AE$3*B18 -> 0.29717569 | AA18: =Z18-Y18 -> -6.3141569e-06 | AB18: =AA18^2 -> 3.9868577e-11 | AC18: =ABS(Z18-Y18)/Y18*100 -> 0.0021246768
F20: Pre-solver: | P20: Pre-solver: | Y20: Pre-solver
B41: En tots els casos utilitzant el solver, observem que les diferències entre les absorbàncies calculades i experiemntals són totes del mateix ordrede magnitud, amb un error relatiu sempre inferior al 0,5%, així que no podem descartar cap dada.
B42: El problema que té aquest mètode és que no brinda una estimació de l'error per als resultats obtinguts ja que l'únic que fa és trobar els mínims quadrats i per tant no considera eines estadístiques més potents.
B43: Per altra banda però, té l'avantatge que si que permet fer fàcilment regresions amb tantes variables com es vulgui i de funcions no necessariament ni lineals ni polinòmiques

Sheet Matricial
A1: Mètode matricial:
B2: k mitjana
A3: lambda (nm) | B3: Níquel | C3: Cobalt | F3: Matriu K | I3: Matriu K^T
A4: ='Pràctica A'!A196 -> 480 | B4: ='Pràctica A'!D196 -> 0.39612578 | C4: ='Pràctica A'!E196 -> 0.25695175 | F4: =B4 -> 0.39612578 | G4: =C4 -> 0.25695175 | I4: {=TRANSPOSE(F4:G18)} -> 0.39612578 | J4: 0.43667339 | K4: 0.47530083 | L4: 0.50680344 | M4: 0.52666461 | N4: 0.53501539 | O4: 0.53505539 | P4: 0.531857 | Q4: 0.53050806 | R4: 0.53149944 | S4: 0.52526161 | T4: 0.50119556 | U4: 0.45877661 | V4: 0.40793622 | W4: 0.35936772
A5: ='Pràctica A'!A197 -> 485 | B5: ='Pràctica A'!D197 -> 0.43667339 | C5: ='Pràctica A'!E197 -> 0.28678011 | F5: =B5 -> 0.43667339 | G5: =C5 -> 0.28678011 | I5: 0.25695175 | J5: 0.28678011 | K5: 0.31432761 | L5: 0.33935089 | M5: 0.36212994 | N5: 0.38332472 | O5: 0.40179717 | P5: 0.41585772 | Q5: 0.42403333 | R5: 0.42695733 | S5: 0.42446944 | T5: 0.41851667 | U5: 0.40979361 | V5: 0.39739661 | W5: 0.38005328
A6: ='Pràctica A'!A198 -> 490 | B6: ='Pràctica A'!D198 -> 0.47530083 | C6: ='Pràctica A'!E198 -> 0.31432761 | F6: =B6 -> 0.47530083 | G6: =C6 -> 0.31432761
A7: ='Pràctica A'!A199 -> 495 | B7: ='Pràctica A'!D199 -> 0.50680344 | C7: ='Pràctica A'!E199 -> 0.33935089 | F7: =B7 -> 0.50680344 | G7: =C7 -> 0.33935089 | I7: Matriu K^T * K
A8: ='Pràctica A'!A200 -> 500 | B8: ='Pràctica A'!D200 -> 0.52666461 | C8: ='Pràctica A'!E200 -> 0.36212994 | F8: =B8 -> 0.52666461 | G8: =C8 -> 0.36212994 | I8: {=MMULT(_xlfn.ANCHORARRAY(I4),F4:G18)} -> 3.5601934 | J8: 2.751657
A9: ='Pràctica A'!A201 -> 505 | B9: ='Pràctica A'!D201 -> 0.53501539 | C9: ='Pràctica A'!E201 -> 0.38332472 | F9: =B9 -> 0.53501539 | G9: =C9 -> 0.38332472 | I9: 2.751657 | J9: 2.1624052
A10: ='Pràctica A'!A202 -> 510 | B10: ='Pràctica A'!D202 -> 0.53505539 | C10: ='Pràctica A'!E202 -> 0.40179717 | F10: =B10 -> 0.53505539 | G10: =C10 -> 0.40179717
A11: ='Pràctica A'!A203 -> 515 | B11: ='Pràctica A'!D203 -> 0.531857 | C11: ='Pràctica A'!E203 -> 0.41585772 | F11: =B11 -> 0.531857 | G11: =C11 -> 0.41585772 | I11: Matriu (K^T * K)^-1
A12: ='Pràctica A'!A204 -> 520 | B12: ='Pràctica A'!D204 -> 0.53050806 | C12: ='Pràctica A'!E204 -> 0.42403333 | F12: =B12 -> 0.53050806 | G12: =C12 -> 0.42403333 | I12: {=MINVERSE(_xlfn.ANCHORARRAY(I8))} -> 17.031607 | J12: -21.672692
A13: ='Pràctica A'!A205 -> 525 | B13: ='Pràctica A'!D205 -> 0.53149944 | C13: ='Pràctica A'!E205 -> 0.42695733 | F13: =B13 -> 0.53149944 | G13: =C13 -> 0.42695733 | I13: -21.672692 | J13: 28.040913
A14: ='Pràctica A'!A206 -> 530 | B14: ='Pràctica A'!D206 -> 0.52526161 | C14: ='Pràctica A'!E206 -> 0.42446944 | F14: =B14 -> 0.52526161 | G14: =C14 -> 0.42446944
A15: ='Pràctica A'!A207 -> 535 | B15: ='Pràctica A'!D207 -> 0.50119556 | C15: ='Pràctica A'!E207 -> 0.41851667 | F15: =B15 -> 0.50119556 | G15: =C15 -> 0.41851667 | I15: Pseudoinversa sencera: (K^T * K)^-1 K^T
A16: ='Pràctica A'!A208 -> 540 | B16: ='Pràctica A'!D208 -> 0.45877661 | C16: ='Pràctica A'!E208 -> 0.40979361 | F16: =B16 -> 0.45877661 | G16: =C16 -> 0.40979361 | I16: {=MMULT(_xlfn.ANCHORARRAY(I12),_xlfn.ANCHORARRAY(I4))} -> 1.1778224 | J16: 1.2219525 | K16: 1.2828115 | L16: 1.2770298 | M16: 1.1216139 | N16: 0.80449321 | O16: 0.40482687 | P16: 0.045623084 | Q16: -0.15453911 | R16: -0.20102511 | S16: -0.25334619 | T16: -0.53421707 | U16: -1.0676278 | V16: -1.6648449 | W16: -2.1161678
A17: ='Pràctica A'!A209 -> 545 | B17: ='Pràctica A'!D209 -> 0.40793622 | C17: ='Pràctica A'!E209 -> 0.39739661 | F17: =B17 -> 0.40793622 | G17: =C17 -> 0.39739661 | I17: -1.3799503 | J17: -1.4223117 | K17: -1.4870153 | L17: -1.4680862 | M17: -1.2597856 | N17: -0.84644853 | O17: -0.32933123 | P17: 0.13425728 | Q17: 0.39274414 | R17: 0.4532497 | S17: 0.51867767 | T17: 0.87333255 | U17: 1.5480628 | V17: 2.3022877 | W17: 2.8685749
A18: ='Pràctica A'!A210 -> 550 | B18: ='Pràctica A'!D210 -> 0.35936772 | C18: ='Pràctica A'!E210 -> 0.38005328 | F18: =B18 -> 0.35936772 | G18: =C18 -> 0.38005328
A20: Amb aquests valors calculats, ja podem resoldre el sistema d'equacions amb les absorbàncies experimentals.
A21: Mostres Ni/Co mg/L | F21: Vectors de concentracions per Ni/Co mg/L:
A22: ='Pràctica A'!H52 -> 0,2 / 0,4 | B22: ='Pràctica A'!I52 -> 0,4 / 0,4 | C22: ='Pràctica A'!J52 -> 0,4 / 0,2 | F22: =A22 -> 0,2 / 0,4 | G22: =B22 -> 0,4 / 0,4 | H22: =C22 -> 0,4 / 0,2
A23: ='Pràctica A'!H53 -> 0.184298 | B23: ='Pràctica A'!I53 -> 0.272768 | C23: ='Pràctica A'!J53 -> 0.222974 | E23: c_Níquel | F23: {=MMULT(_xlfn.ANCHORARRAY(I16),A23:A37)} -> 0.21195647 | G23: {=MMULT(_xlfn.ANCHORARRAY(I16),B23:B37)} -> 0.47713191 | H23: {=MMULT(_xlfn.ANCHORARRAY(I16),C23:C37)} -> 0.47212188
A24: ='Pràctica A'!H54 -> 0.204836 | B24: ='Pràctica A'!I54 -> 0.302884 | C24: ='Pràctica A'!J54 -> 0.245325 | E24: c_Cobalt | F24: 0.39180607 | G24: 0.33076669 | H24: 0.13121811
A25: ='Pràctica A'!H55 -> 0.223595 | B25: ='Pràctica A'!I55 -> 0.330733 | C25: ='Pràctica A'!J55 -> 0.266254
A26: ='Pràctica A'!H56 -> 0.240283 | B26: ='Pràctica A'!I56 -> 0.354012 | C26: ='Pràctica A'!J56 -> 0.283598 | F26: Calculats com Pseudoinversa*A
A27: ='Pràctica A'!H57 -> 0.253304 | B27: ='Pràctica A'!I57 -> 0.370971 | C27: ='Pràctica A'!J57 -> 0.29537
A28: ='Pràctica A'!H58 -> 0.263584 | B28: ='Pràctica A'!I58 -> 0.382485 | C28: ='Pràctica A'!J58 -> 0.302356
A29: ='Pràctica A'!H59 -> 0.271117 | B29: ='Pràctica A'!I59 -> 0.389229 | C29: ='Pràctica A'!J59 -> 0.305127
A30: ='Pràctica A'!H60 -> 0.27612 | B30: ='Pràctica A'!I60 -> 0.392589 | C30: ='Pràctica A'!J60 -> 0.305818
A31: ='Pràctica A'!H61 -> 0.279159 | B31: ='Pràctica A'!I61 -> 0.394476 | C31: ='Pràctica A'!J61 -> 0.306021
A32: ='Pràctica A'!H62 -> 0.28017 | B32: ='Pràctica A'!I62 -> 0.394721 | C32: ='Pràctica A'!J62 -> 0.306065
A33: ='Pràctica A'!H63 -> 0.277649 | B33: ='Pràctica A'!I63 -> 0.390117 | C33: ='Pràctica A'!J63 -> 0.302216
A34: ='Pràctica A'!H64 -> 0.270083 | B34: ='Pràctica A'!I64 -> 0.376455 | C34: ='Pràctica A'!J64 -> 0.290308
A35: ='Pràctica A'!H65 -> 0.257577 | B35: ='Pràctica A'!I65 -> 0.35389 | C35: ='Pràctica A'!J65 -> 0.27023
A36: ='Pràctica A'!H66 -> 0.242007 | B36: ='Pràctica A'!I66 -> 0.326104 | C36: ='Pràctica A'!J66 -> 0.245724
A37: ='Pràctica A'!H67 -> 0.224755 | B37: ='Pràctica A'!I67 -> 0.297182 | C37: ='Pràctica A'!J67 -> 0.221124
A39: El problema d'aquest mètode és que no és possible veure si cal descartar algun valor, en quant a la resta, funciona bé!

Sheet Càlculs
