Workbook

Sheet Pràctica H
A1: Informe pràctica H
A2: Grup pràctiques: | C2: 1.2 (G2) Matí - 1r torn | E2: Data: | F2: 45755 | H2: D'acord amb el Real Decret 1676/2012, de 14 de desembre, pel qual s'aprova la norma de qualitat per al cafè.
A3: Alumnes: | C3: Gerard Moreno Mas | E3: Parella: | F3: M_01
C4: Òscar Losada Garcia
A5: 1. Descripció de les mostres | H5: Regulació del cafè descafeïnat: "En el caso de los productos del apartado 2.7 (CAFÉ SOLUBLE) con un contenido de cafeína anhidra inferior o igual en peso al 0,3 por 100 de la materia seca procedente del café, el etiquetado incluirá la mención «descafeinado» en el mismo campo visual que la denominación de venta"
A6: Tenim dues mostres: un cafè amb cafeïna i un descafeïnat. - El primer és Nescafé Classic Natural (cafè soluble) amb número de lot L43380289A2. Per al cafè soluble cafeïnat no hi ha regulació sobre les dosis de cafeïna. L'empaquetatge no diu res sobre la concentració de cafeïna present. - El segon és Nescafé Classic Descafeinado amb número de lot L42840289R2. L'empaquetatge tampoc menciona la concentració de cafeïna, però està regulat per llei amb el Real Decret 1676/2012, que estipula que per al cafè soluble el límit de cafeïna és del 0.3% en matèria seca.
H7: https://www.boe.es/buscar/doc.php?id=BOE-A-2012-15656
A8: 2. Descripció de l'equip
A9: Fem servir un HPLC amb sistema d'injecció de 6 vies amb posició load o inject de la marca Shimadzu (model LC-20AD). La columna és una C18 (apolar) 200x4.6 mm de la marca Kromasil (100-5C18). El sistema compta amb un desgasificador, un cromatògraf líquid (HPLC) i un detector UV-Vis. Es detecta a 272 nm, que coincideix amb un pic ampli d’absorbància de la cafeïna, degut al sistema π de la seva estructura molecular. Tant el desgasificador de l'equip, el filtre de les fases mòbils i el filtre de la xeringa (en introduir la mostra) són mesures de seguretat addicional que garantitzen que l'equip, que és el realment car, tingui la menor probabilitat de trencar-se per causes externes. Es connecta via software de LabSolutions i aquest permet el control i la definició de mètodes (percentatge de fase mòbil, cabal utilitzat, etc). L'equip en si també té una pantalla que indica l'estat de l'equip i la pressió instantània, que cal procurar que sempre estigui per sota del màxim (300 bar).
A11: 3. Preparació stock Cafeïna
A12: Pes cafeïna (g) | B12: 0.0998 | D12: [cafeïna] (ppm) | E12: 998
A13: V enràs (ml) | B13: 100 | D13: Patró preparat amb cafeïna pura.
A15: 4. Preparació mostres de cafè
A16: Pes cafè normal (g) | C16: 0.1003 | H16: https://es.wikipedia.org/wiki/Cafe%C3%ADna#/media/Archivo:Koffein_-_Caffeine.svg | K16: https://www.researchgate.net/publication/342047732_First_Order_Derivative_Spectra_to_Determine_Caffeine_and_Chlorogenic_Acids_in_Defective_and_Non-defective_Coffee_Beans/figures?lo=1&utm_source=google&utm_medium=organic
A17: V enràs (ml) | C17: 250
A19: Pes cafè descafeïnat (g) | C19: 0.248
A20: V enràs (ml) | C20: 100
A22: 5. Preparació patrons cafeïna
A23: Patró Cafeïna (ppm) | B23: Estoc Cafeïna (± 0.05 mL) | C23: V enràs (mL) | D23: [Cafeïna] (ppm) | E23: Àrea | F23: t_r (min) | H23: L'estoc de cafeïna s'ha agafat amb una pipeta de incertesa +-0,05
A24: =$E$12/10 -> 99.8 | B24: 1 | C24: 50 | D24: =A24*B24/C24 -> 1.996 | E24: 95708 | F24: 3.829 | H24: El patró de cafeïna l'hem dissolt d'aproximadament 1000 ppm a 100 ppm, per això dividim per un factor 10.
A25: =$E$12/10 -> 99.8 | B25: 2 | C25: 50 | D25: =A25*B25/C25 -> 3.992 | E25: 178602 | F25: 3.821
A26: =$E$12/10 -> 99.8 | B26: 4 | C26: 50 | D26: =A26*B26/C26 -> 7.984 | E26: 372706 | F26: 3.808
A27: =$E$12/10 -> 99.8 | B27: 6 | C27: 50 | D27: =A27*B27/C27 -> 11.976 | E27: 603646 | F27: 3.809
A28: =$E$12/10 -> 99.8 | B28: 10 | C28: 50 | D28: =A28*B28/C28 -> 19.96 | E28: 999158 | F28: 3.792
A32: Corba Calibrat: | H32: Cromatograma Patró 1 | N32: Cromatograma Patró 2 | T32: Cromatograma Patró 3 | Z32: Cromatograma Patró 4 | AF32: Cromatograma Patró 5 | AL32: Cromatograma Cafè normal | AR32: Cromatograma Cafè descafeïnat
A34: Pendent | B34: (51 ± 1) · 10^3 | D34: S0 | E34: dades en el següent apartat
A35: Ord. Origen | B35: (-2 ± 1) · 10^4 | D35: n | E35: =COUNT(D24:D30) -> 5 | G35: R^2 | H35: 0.999
A37: Comentaris | H37: Comentaris Cromatogrames
A38: Un cop preparats els patrons i havent mesurat les àrees per a diferents concentracions de cafeïna podem afirmar linealitat en aquest rang i la recta de calibratge trobada ens servirà per a trobar la concentració de cafeïna a la mostra per interpolació, sempre que ens trobem en aquest rang de treball (en cas negatiu, podríem dissoldre o concentrar per entrar-hi dins del rang). El coeficient de regressió (0.999) de la recta és ens assegura la linealitat. També, donem les dades de pendent i ordenada a l'origen tenint en consideració una única xifra per a la incertitud, seguint el criteri de la comunitat química en el tractament d'incertituds, i el que normalment emprem a les sessions de laboratori. | H38: Un cop obtinguda la mesura del LabSolutions hem utilitzat l'eina de "Data Analysis" per estudiar les àrees sota les corbes. Això és necessari per a realitzar mesures quantitatives. Cal saber, però, que l'àrea per si mateixa no significa res, i que és per això que necessitem fer una recta de calibratge per associar i interpolar el valor de les nostres mostres dins del rang lineal amb els patrons que hem preparat. Per l'estudi dels cromatogrames s'han utilitzat les eines de "Reject Peaks", per eliminar els pics predefinits pel propi programa, i després la eina de "Insert Peak" i "Split Peak" per a definir la àrea que desitjem (escollint entre quins temps volem calcular l'àrea). Notem que els temps de retenció per a la cafeïna són similars, com esperaríem. També, que als patrons obtenim cromatogrames nets (només veiem el pic de la cafeïna, doncs el patró és pur), mentre que en la mostra de cafè observem altres pics associats a altres compostos de la matriu cafè. De totes maneres, el pic de la cafeïna no està solapat amb cap altre. I en els patrons observem temps de rentenció gairebé idèntics per a la cafeïna. Com coneixem el temps de retenció de la cafeïna, podem localitzar aquest pic i calcular-ne la seva àrea i després interpolar a la recta de calibratge per trobar la concentració desitjada. També convé mencionar que ja a simple vista observem com el pic (cafeïna) de la mostra cafè cafeïnat és molt més alt que el de la mostra descafeïnat, com esperaríem, doncs l'àrea sota el pic és proporcional a la concentració de cafeïna. El pic de la cafeïna en el descafeinat sembla que està solapat amb el pic d'un altre compost desconegut de baixa concentració, potser podríem canviar la composició de la fase mòbil i veure si podem separar-los. En tot cas, per falta de temps s'ha interpretat tota l'àrea com la corresponent a la cafeïna.
A40: Mostra | B40: Factor dilució | C40: tr (min) | D40: Àrea | E40: conc.mostra | F40: Int.confiança (t s_0) | G40: s_0
A41: Cafè normal | B41: 1 | C41: 3.787 | D41: 978258 | E41: =('Pràctica H'!D41-Càlculs!D5)/Càlculs!C5 -> 19.548133 | F41: =Càlculs!C14*Càlculs!D7/Càlculs!C5*SQRT(1+1/'Pràctica H'!E35+(D41-Càlculs!C12)^2/(Càlculs!C5^2*Càlculs!C13)) -> 1.1413619 | G41: =Càlculs!D7/Càlculs!C5*SQRT(1+1/'Pràctica H'!E35+(D41-Càlculs!C12)^2/(Càlculs!C5^2*Càlculs!C13)) -> 0.35864295
A42: Cafè descafeïnat | B42: 1 | C42: 3.772 | D42: 146739 | E42: =('Pràctica H'!D42-Càlculs!D5)/Càlculs!C5 -> 3.2315193 | F42: =Càlculs!C14*Càlculs!D7/Càlculs!C5*SQRT(1+1/'Pràctica H'!E35+(D42-Càlculs!C12)^2/(Càlculs!C5^2*Càlculs!C13)) -> 1.0179393 | G42: =Càlculs!D7/Càlculs!C5*SQRT(1+1/'Pràctica H'!E35+(D42-Càlculs!C12)^2/(Càlculs!C5^2*Càlculs!C13)) -> 0.31986064
A44: Contingut cafeïna en el cafè sòlid
B45: [Cafeïna] (mg caf / g cafè) | C45: Int.confiança
A46: Cafè normal | B46: =E41*C17*10^(-3)/C16 -> 48.72416 | C46: =F41*C17*10^(-3)/C16 -> 2.8448702
A47: Cafè descafeïnat | B47: =E42*C20*10^(-3)/C19 -> 1.303032 | C47: =F42*C20*10^(-3)/C19 -> 0.4104594
A49: Discutir si el contingut de cafeïna està o no per sota del límit establert per la legislació vigent
A50: El límit legal està establert en 0.3 g de cafeïna per cada 100 g de cafè, que és el mateix que dir 300 mg cafeïna / 100 g de cafè. Per tant, 3 mg caf / g cafè. Interpolant la mostra de cafè Nescafé Classic Descafeinado amb la recta de calibratge trobem un valor de (1.3 ± 0.4) mg caf / g cafè. Per tant, com el valor de cafeïna és inferior al límit legal, direm que el producte és vàlid per a la seva comercialització complint la legislació vigent.
A52: 6. Comentaris addicionals..... (només si vols destacar alguna cosa)
A53: Ha sigut molt interessant treballar per primera vegada amb un equip HPLC. Hem après el procediment d'injecció, el tractament de les dades (integració de pics, rectes de calibratge, interpolació d'incertituds de les dades...). També ha sigut interessant fer servir el muntatge que s'empra per filtrar la fase mòbil.

Sheet Càlculs
B2: CORBA DE CALIBRATGE
C4: y= a + bx
B5: b | C5: {=LINEST('Pràctica H'!E24:E28,'Pràctica H'!D24:D28,1,1)} -> 50961.493 | D5: -17944.047 | E5: a
B6: u_b | C6: 973.83032 | D6: 10892.026 | E6: u_a
B7: R^2 | C7: 0.99890572 | D7: 13908.452 | E7: S_{y/x}
B8: F | C8: 2738.5313 | D8: 3 | E8: dof
B9: Ssreg | C9: 5.2975532e+11 | D9: 5.8033515e+08 | E9: Ssresid | F9: Sum of the residuals square
B11: y_0 | C11: =D5 -> -17944.047
B12: y_{avg} | C12: =AVERAGE('Pràctica H'!E24:E28) -> 449964
B13: s_{xx} | C13: =VARPA('Pràctica H'!D24:D28)*'Pràctica H'!E35 -> 203.98162
B14: t_{tab} | C14: =_xlfn.T.INV.2T(0.05,D8) -> 3.1824463 | D14: t-Student

Sheet Sheet1
